booking_id,customer_id,service_id,scheduled_date,status,created_at
1,39,3,2026-02-01 06:26:51,COMPLETED,2026-02-20 11:01:39.845909
2,29,3,2026-01-23 21:18:24,CANCELLED,2026-02-20 11:01:39.845909
3,15,2,2026-02-17 03:53:32,CANCELLED,2026-02-20 11:01:39.845909
4,43,1,2026-02-14 05:40:00,CANCELLED,2026-02-20 11:01:39.845909
5,8,1,2026-02-12 03:08:46,COMPLETED,2026-02-20 11:01:39.845909
6,21,2,2026-02-04 00:10:27,COMPLETED,2026-02-20 11:01:39.845909
7,39,1,2026-01-31 09:51:30,CANCELLED,2026-02-20 11:01:39.845909
8,19,2,2026-03-15 09:49:25,CANCELLED,2026-02-20 11:01:39.845909
9,23,2,2026-01-29 21:36:34,COMPLETED,2026-02-20 11:01:39.845909
10,11,3,2026-03-19 18:58:29,CANCELLED,2026-02-20 11:01:39.845909
11,11,2,2026-03-03 10:10:35,PENDING,2026-02-20 11:01:39.845909
12,24,3,2026-01-24 13:05:11,COMPLETED,2026-02-20 11:01:39.845909
13,36,1,2026-01-24 08:27:36,CANCELLED,2026-02-20 11:01:39.845909
14,40,1,2026-01-30 13:21:11,COMPLETED,2026-02-20 11:01:39.845909
15,24,1,2026-02-11 16:29:27,PENDING,2026-02-20 11:01:39.845909
16,3,1,2026-02-13 01:10:00,COMPLETED,2026-02-20 11:01:39.845909
17,22,3,2026-03-11 12:35:26,COMPLETED,2026-02-20 11:01:39.845909
18,2,1,2026-03-20 21:49:58,COMPLETED,2026-02-20 11:01:39.845909
19,24,2,2026-01-24 00:51:38,COMPLETED,2026-02-20 11:01:39.845909
20,44,2,2026-03-16 22:49:23,PENDING,2026-02-20 11:01:39.845909
21,30,2,2026-02-09 18:21:10,COMPLETED,2026-02-20 11:01:39.845909
22,38,3,2026-03-15 08:49:59,COMPLETED,2026-02-20 11:01:39.845909
23,2,1,2026-03-03 04:34:46,CANCELLED,2026-02-20 11:01:39.845909
24,21,1,2026-02-11 20:41:28,COMPLETED,2026-02-20 11:01:39.845909
25,33,1,2026-03-06 01:45:37,CANCELLED,2026-02-20 11:01:39.845909
26,12,3,2026-03-19 16:06:57,PENDING,2026-02-20 11:01:39.845909
27,22,2,2026-02-17 11:15:31,PENDING,2026-02-20 11:01:39.845909
28,44,2,2026-01-22 02:10:14,PENDING,2026-02-20 11:01:39.845909
29,25,1,2026-02-05 23:03:38,PENDING,2026-02-20 11:01:39.845909
30,49,2,2026-03-03 11:47:25,CANCELLED,2026-02-20 11:01:39.845909
31,27,2,2026-02-23 11:52:07,COMPLETED,2026-02-20 11:01:39.845909
32,42,3,2026-02-17 10:30:52,PENDING,2026-02-20 11:01:39.845909
33,28,3,2026-02-05 13:19:15,COMPLETED,2026-02-20 11:01:39.845909
34,16,3,2026-02-11 08:44:41,CANCELLED,2026-02-20 11:01:39.845909
35,15,3,2026-02-23 03:20:58,CANCELLED,2026-02-20 11:01:39.845909
36,47,1,2026-01-31 09:11:40,CANCELLED,2026-02-20 11:01:39.845909
37,44,3,2026-01-30 11:08:27,PENDING,2026-02-20 11:01:39.845909
38,3,2,2026-02-27 08:19:20,COMPLETED,2026-02-20 11:01:39.845909
39,37,1,2026-01-30 20:23:34,COMPLETED,2026-02-20 11:01:39.845909
40,7,2,2026-02-25 07:30:36,COMPLETED,2026-02-20 11:01:39.845909
41,21,2,2026-02-23 20:30:08,CANCELLED,2026-02-20 11:01:39.845909
42,9,2,2026-03-21 01:48:40,PENDING,2026-02-20 11:01:39.845909
43,39,3,2026-02-16 03:24:20,CANCELLED,2026-02-20 11:01:39.845909
44,18,3,2026-01-25 16:16:27,CANCELLED,2026-02-20 11:01:39.845909
45,4,1,2026-03-07 01:33:54,COMPLETED,2026-02-20 11:01:39.845909
46,25,1,2026-03-14 12:31:46,CANCELLED,2026-02-20 11:01:39.845909
47,14,3,2026-02-02 13:53:36,COMPLETED,2026-02-20 11:01:39.845909
48,50,2,2026-02-27 05:04:35,PENDING,2026-02-20 11:01:39.845909
49,9,1,2026-01-29 02:38:42,COMPLETED,2026-02-20 11:01:39.845909
50,26,3,2026-03-16 01:22:31,PENDING,2026-02-20 11:01:39.845909
51,2,3,2026-02-18 22:10:56,COMPLETED,2026-02-20 11:01:39.845909
52,20,3,2026-02-25 13:41:53,CANCELLED,2026-02-20 11:01:39.845909
53,28,2,2026-03-18 12:21:19,CANCELLED,2026-02-20 11:01:39.845909
54,47,3,2026-02-09 03:05:32,PENDING,2026-02-20 11:01:39.845909
55,7,3,2026-01-28 05:06:09,PENDING,2026-02-20 11:01:39.845909
56,44,3,2026-01-25 21:48:21,PENDING,2026-02-20 11:01:39.845909
57,8,3,2026-02-12 14:04:08,COMPLETED,2026-02-20 11:01:39.845909
58,47,1,2026-02-18 13:21:01,COMPLETED,2026-02-20 11:01:39.845909
59,35,1,2026-01-29 04:57:22,PENDING,2026-02-20 11:01:39.845909
60,14,3,2026-02-13 01:28:10,CANCELLED,2026-02-20 11:01:39.845909
61,17,2,2026-01-31 06:22:40,COMPLETED,2026-02-20 11:01:39.845909
62,36,1,2026-02-27 08:47:08,COMPLETED,2026-02-20 11:01:39.845909
63,50,3,2026-02-17 10:45:10,COMPLETED,2026-02-20 11:01:39.845909
64,40,1,2026-03-06 11:33:00,PENDING,2026-02-20 11:01:39.845909
65,4,1,2026-02-25 21:08:53,PENDING,2026-02-20 11:01:39.845909
66,2,2,2026-02-06 06:02:20,PENDING,2026-02-20 11:01:39.845909
67,6,3,2026-02-26 09:36:42,PENDING,2026-02-20 11:01:39.845909
68,42,3,2026-02-24 22:52:05,PENDING,2026-02-20 11:01:39.845909
69,4,2,2026-02-10 19:12:51,CANCELLED,2026-02-20 11:01:39.845909
70,29,2,2026-02-16 09:07:51,CANCELLED,2026-02-20 11:01:39.845909
71,18,3,2026-01-28 09:24:26,PENDING,2026-02-20 11:01:39.845909
72,26,3,2026-03-21 14:24:20,COMPLETED,2026-02-20 11:01:39.845909
73,44,2,2026-02-07 01:48:34,PENDING,2026-02-20 11:01:39.845909
74,34,1,2026-03-14 07:39:49,CANCELLED,2026-02-20 11:01:39.845909
75,10,1,2026-02-14 05:28:41,CANCELLED,2026-02-20 11:01:39.845909
76,36,2,2026-02-06 07:46:58,COMPLETED,2026-02-20 11:01:39.845909
77,14,1,2026-03-07 08:10:18,CANCELLED,2026-02-20 11:01:39.845909
78,31,2,2026-02-27 07:13:21,PENDING,2026-02-20 11:01:39.845909
79,48,1,2026-02-16 16:03:05,COMPLETED,2026-02-20 11:01:39.845909
80,15,1,2026-03-16 12:48:52,PENDING,2026-02-20 11:01:39.845909
81,8,3,2026-02-11 18:46:04,PENDING,2026-02-20 11:01:39.845909
82,14,3,2026-02-21 22:39:39,COMPLETED,2026-02-20 11:01:39.845909
83,23,1,2026-01-26 21:22:20,PENDING,2026-02-20 11:01:39.845909
84,40,1,2026-02-12 16:44:53,CANCELLED,2026-02-20 11:01:39.845909
85,21,3,2026-01-24 13:49:35,PENDING,2026-02-20 11:01:39.845909
86,16,3,2026-02-21 02:05:10,COMPLETED,2026-02-20 11:01:39.845909
87,45,3,2026-03-01 09:48:33,COMPLETED,2026-02-20 11:01:39.845909
88,18,2,2026-02-16 10:54:32,COMPLETED,2026-02-20 11:01:39.845909
89,47,1,2026-01-27 21:15:29,PENDING,2026-02-20 11:01:39.845909
90,24,3,2026-02-10 22:39:11,COMPLETED,2026-02-20 11:01:39.845909
91,26,1,2026-03-17 12:39:10,COMPLETED,2026-02-20 11:01:39.845909
92,25,2,2026-02-21 00:16:48,PENDING,2026-02-20 11:01:39.845909
93,45,2,2026-02-11 02:28:59,CANCELLED,2026-02-20 11:01:39.845909
94,41,3,2026-03-10 22:19:14,PENDING,2026-02-20 11:01:39.845909
95,29,2,2026-02-28 20:54:59,COMPLETED,2026-02-20 11:01:39.845909
96,15,1,2026-03-07 00:13:47,COMPLETED,2026-02-20 11:01:39.845909
97,45,3,2026-02-04 07:56:32,PENDING,2026-02-20 11:01:39.845909
98,1,1,2026-02-16 04:14:34,CANCELLED,2026-02-20 11:01:39.845909
99,25,1,2026-02-04 00:23:23,COMPLETED,2026-02-20 11:01:39.845909
100,7,2,2026-02-14 09:42:40,COMPLETED,2026-02-20 11:01:39.845909
101,9,2,2026-03-16 23:06:36,COMPLETED,2026-02-20 11:01:39.845909
102,24,2,2026-03-14 18:56:08,PENDING,2026-02-20 11:01:39.845909
103,1,2,2026-02-15 23:15:35,COMPLETED,2026-02-20 11:01:39.845909
104,44,2,2026-03-19 05:12:41,CANCELLED,2026-02-20 11:01:39.845909
105,8,3,2026-03-04 01:21:02,COMPLETED,2026-02-20 11:01:39.845909
106,24,1,2026-03-19 02:45:27,COMPLETED,2026-02-20 11:01:39.845909
107,11,1,2026-03-01 05:41:53,CANCELLED,2026-02-20 11:01:39.845909
108,17,1,2026-02-25 14:32:25,COMPLETED,2026-02-20 11:01:39.845909
109,8,1,2026-02-11 18:04:54,PENDING,2026-02-20 11:01:39.845909
110,35,2,2026-02-03 21:21:49,PENDING,2026-02-20 11:01:39.845909
111,35,1,2026-03-11 22:18:35,PENDING,2026-02-20 11:01:39.845909
112,33,3,2026-03-10 09:00:09,CANCELLED,2026-02-20 11:01:39.845909
113,5,3,2026-01-30 06:51:42,COMPLETED,2026-02-20 11:01:39.845909
114,42,1,2026-01-26 00:48:59,PENDING,2026-02-20 11:01:39.845909
115,39,1,2026-02-01 02:31:42,CANCELLED,2026-02-20 11:01:39.845909
116,41,3,2026-02-05 07:10:24,COMPLETED,2026-02-20 11:01:39.845909
117,28,3,2026-02-05 23:48:45,CANCELLED,2026-02-20 11:01:39.845909
118,7,2,2026-03-03 10:43:53,PENDING,2026-02-20 11:01:39.845909
119,9,3,2026-03-20 08:45:40,PENDING,2026-02-20 11:01:39.845909
120,8,2,2026-01-27 15:03:28,PENDING,2026-02-20 11:01:39.845909
121,12,2,2026-02-27 19:36:01,CANCELLED,2026-02-20 11:01:39.845909
122,34,2,2026-02-27 12:15:53,CANCELLED,2026-02-20 11:01:39.845909
123,33,2,2026-03-20 07:32:53,PENDING,2026-02-20 11:01:39.845909
124,48,2,2026-03-07 21:39:46,CANCELLED,2026-02-20 11:01:39.845909
125,23,1,2026-03-13 19:57:11,PENDING,2026-02-20 11:01:39.845909
126,24,3,2026-02-14 20:51:53,PENDING,2026-02-20 11:01:39.845909
127,37,2,2026-03-16 04:08:14,COMPLETED,2026-02-20 11:01:39.845909
128,35,3,2026-01-22 13:46:48,CANCELLED,2026-02-20 11:01:39.845909
129,44,3,2026-02-01 13:57:08,PENDING,2026-02-20 11:01:39.845909
130,40,2,2026-03-14 14:15:32,PENDING,2026-02-20 11:01:39.845909
131,22,1,2026-02-16 08:46:30,CANCELLED,2026-02-20 11:01:39.845909
132,27,2,2026-02-23 11:41:37,COMPLETED,2026-02-20 11:01:39.845909
133,35,1,2026-02-01 06:57:46,COMPLETED,2026-02-20 11:01:39.845909
134,1,3,2026-02-18 22:55:56,PENDING,2026-02-20 11:01:39.845909
135,35,1,2026-03-04 16:06:14,CANCELLED,2026-02-20 11:01:39.845909
136,37,1,2026-02-05 19:33:42,COMPLETED,2026-02-20 11:01:39.845909
137,47,1,2026-03-06 12:16:49,CANCELLED,2026-02-20 11:01:39.845909
138,14,3,2026-01-21 18:35:22,CANCELLED,2026-02-20 11:01:39.845909
139,3,3,2026-02-16 00:46:06,PENDING,2026-02-20 11:01:39.845909
140,1,1,2026-03-11 01:28:39,COMPLETED,2026-02-20 11:01:39.845909
141,5,1,2026-02-07 19:18:59,PENDING,2026-02-20 11:01:39.845909
142,26,2,2026-03-11 18:00:41,COMPLETED,2026-02-20 11:01:39.845909
143,14,1,2026-01-31 18:58:57,COMPLETED,2026-02-20 11:01:39.845909
144,39,2,2026-02-19 10:27:15,COMPLETED,2026-02-20 11:01:39.845909
145,27,1,2026-03-11 17:58:03,COMPLETED,2026-02-20 11:01:39.845909
146,9,2,2026-03-21 14:01:51,COMPLETED,2026-02-20 11:01:39.845909
147,15,3,2026-02-09 18:31:26,CANCELLED,2026-02-20 11:01:39.845909
148,15,1,2026-02-05 07:10:07,PENDING,2026-02-20 11:01:39.845909
149,26,1,2026-02-26 18:18:35,CANCELLED,2026-02-20 11:01:39.845909
150,42,1,2026-02-06 03:27:50,COMPLETED,2026-02-20 11:01:39.845909
151,13,1,2026-03-14 19:52:18,PENDING,2026-02-20 11:01:39.845909
152,32,2,2026-03-13 22:50:28,COMPLETED,2026-02-20 11:01:39.845909
153,39,1,2026-01-21 12:21:36,PENDING,2026-02-20 11:01:39.845909
154,49,3,2026-03-20 14:40:10,CANCELLED,2026-02-20 11:01:39.845909
155,32,3,2026-02-21 22:21:57,PENDING,2026-02-20 11:01:39.845909
156,4,1,2026-03-09 21:33:40,PENDING,2026-02-20 11:01:39.845909
157,30,3,2026-01-23 08:24:41,PENDING,2026-02-20 11:01:39.845909
158,37,1,2026-02-01 07:41:53,PENDING,2026-02-20 11:01:39.845909
159,23,1,2026-02-25 16:50:02,PENDING,2026-02-20 11:01:39.845909
160,39,3,2026-02-20 07:35:14,COMPLETED,2026-02-20 11:01:39.845909
161,45,1,2026-02-13 16:59:30,PENDING,2026-02-20 11:01:39.845909
162,15,3,2026-01-27 02:00:10,PENDING,2026-02-20 11:01:39.845909
163,43,2,2026-02-13 20:17:56,CANCELLED,2026-02-20 11:01:39.845909
164,29,1,2026-03-17 13:03:53,PENDING,2026-02-20 11:01:39.845909
165,36,2,2026-01-29 02:32:41,CANCELLED,2026-02-20 11:01:39.845909
166,13,3,2026-01-29 18:36:52,COMPLETED,2026-02-20 11:01:39.845909
167,32,2,2026-03-09 15:28:02,PENDING,2026-02-20 11:01:39.845909
168,7,2,2026-01-28 04:18:15,CANCELLED,2026-02-20 11:01:39.845909
169,22,3,2026-03-14 04:19:22,CANCELLED,2026-02-20 11:01:39.845909
170,28,2,2026-02-02 16:04:14,COMPLETED,2026-02-20 11:01:39.845909
171,2,2,2026-02-02 22:12:04,PENDING,2026-02-20 11:01:39.845909
172,42,3,2026-03-08 14:30:56,PENDING,2026-02-20 11:01:39.845909
173,45,2,2026-03-15 20:09:45,CANCELLED,2026-02-20 11:01:39.845909
174,6,3,2026-02-06 11:48:04,PENDING,2026-02-20 11:01:39.845909
175,28,2,2026-02-16 04:39:15,CANCELLED,2026-02-20 11:01:39.845909
176,28,3,2026-03-13 16:35:47,PENDING,2026-02-20 11:01:39.845909
177,44,3,2026-03-21 08:29:37,CANCELLED,2026-02-20 11:01:39.845909
178,44,2,2026-03-03 13:00:37,PENDING,2026-02-20 11:01:39.845909
179,20,2,2026-02-11 00:33:11,COMPLETED,2026-02-20 11:01:39.845909
180,30,2,2026-03-14 19:40:42,PENDING,2026-02-20 11:01:39.845909
181,11,1,2026-02-09 23:44:36,PENDING,2026-02-20 11:01:39.845909
182,28,1,2026-02-20 17:22:44,COMPLETED,2026-02-20 11:01:39.845909
183,25,1,2026-03-01 04:44:48,PENDING,2026-02-20 11:01:39.845909
184,39,3,2026-02-26 17:09:37,COMPLETED,2026-02-20 11:01:39.845909
185,33,2,2026-03-04 23:52:28,PENDING,2026-02-20 11:01:39.845909
186,1,3,2026-03-12 17:03:59,CANCELLED,2026-02-20 11:01:39.845909
187,27,1,2026-03-06 07:03:59,CANCELLED,2026-02-20 11:01:39.845909
188,13,2,2026-02-02 04:59:15,PENDING,2026-02-20 11:01:39.845909
189,41,3,2026-02-14 12:41:22,PENDING,2026-02-20 11:01:39.845909
190,3,2,2026-02-12 06:36:36,PENDING,2026-02-20 11:01:39.845909
191,39,3,2026-01-27 16:13:07,CANCELLED,2026-02-20 11:01:39.845909
192,6,2,2026-02-23 06:49:26,PENDING,2026-02-20 11:01:39.845909
193,8,1,2026-01-23 12:02:27,CANCELLED,2026-02-20 11:01:39.845909
194,27,1,2026-03-19 13:53:10,COMPLETED,2026-02-20 11:01:39.845909
195,9,2,2026-03-16 05:45:29,CANCELLED,2026-02-20 11:01:39.845909
196,37,3,2026-02-12 19:14:01,CANCELLED,2026-02-20 11:01:39.845909
197,33,1,2026-03-19 14:11:32,COMPLETED,2026-02-20 11:01:39.845909
198,42,1,2026-02-11 20:10:16,CANCELLED,2026-02-20 11:01:39.845909
199,44,1,2026-01-22 03:47:00,PENDING,2026-02-20 11:01:39.845909
200,24,2,2026-01-28 08:27:12,PENDING,2026-02-20 11:01:39.845909
